{
    "adeventure": ["Adventure"],
    "adult": ["Erotic"],
    "animation": ["Animated"],
    "aomedy": ["Comedy"],
    "biographical": ["Biography"],
    "biopic": ["Biography"],
    "biogtaphy": ["Biography"],
    "blackcomedy": ["Comedy"],
    "cartoon": ["Animated"],
    "children's": ["Family"],
    "coming of age": ["Teen"],
    "concert": ["Performance"],
    "costume drama": ["Drama"],
    "dramedy": ["Drama", "Comedy"],
    "criminal": ["Crime"],
    "detective": ["Mystery"],
    "docudrama": ["Documentary", "Drama"],
    "dramatic": ["Drama"],
    "drana": ["Drama"],
    "football": ["Sports"],
    "heist": ["Action"],
    "history": ["Historical"],
    "indie": ["Independent"],
    "melodrama": ["Drama"],
    "military": ["War"],
    "mockumentary": ["Satire"],
    "music": ["Musical"],
    "parody": ["Satire"],
    "period": ["Historical"],
    "pow": ["War"],
    "p.o.w.": ["War"],
    "rockumentary": ["Musical", "Documentary"],
    "rom com": ["Romance", "Comedy"],
    "romantic": ["Romance"],
    "sci-fi": ["Science Fiction"],
    "sci–fi": ["Science Fiction"],
    "science-fiction": ["Science Fiction"],
    "sex": ["Erotic"],
    "sexual": ["Erotic"],
    "slahser": ["Slasher"],
    "slapstick": ["Comedy"],
    "solution-mentary": ["Documentary"],
    "space opera": ["Science Fiction"],
    "spoof": ["Satire"],
    "sport": ["Sport"],
    "surfing": ["Sport"],
    "live-action": ["Live Action"],
    "westerm": ["Western"],
    "ww1": ["War"],
    "zombie": ["Horror"]
}